year,County,pop100K,cases
2002,Adams,0.30716,9.51229230607684
2002,York,0.1423,118.1358235676358
2002,Hall,0.53722,2.087944976255438
2002,Saunders,0.19925,6.454287934447956
2002,Deuel,0.02029,9.80760208933532
2002,Hamilton,0.09323,4.06260074508631
2002,Nance,0.03948,1.4464624573680316
2002,Buffalo,0.42949,2.0590426969285947
2002,Jefferson,0.08253,1.1971033744854345
2002,Nemaha,0.0733,0.6970341139188502
2002,Thomas,0.00691,5.39335892210728
2002,Furnas,0.05261,7.445179349823116
2002,Platte,0.30939,7.5651790372465255
2002,Thurston,0.06989,2.7533325190306157
2002,Clay,0.06899,3.082860764652323
2002,Lincoln,0.34525,2.367957197758353
2002,Antelope,0.07229,0.29227623530366503
2002,Colfax,0.10478,5.010062083080934
2002,Logan,0.00764,0.2725139079335952
2002,ScottsBluff,0.36572,0.8659421808906935
2002,Dixon,0.06064,0.9803015085806555
2002,Harlan,0.03677,0.8617520611445317
2002,Seward,0.16574,0.22095178563901108
2002,Burt,0.07486,0.2504163886821158
2002,Johnson,0.04927,0.21619702745464608
2002,Nuckolls,0.04844,0.11487252632716564
2002,Butler,0.08817,1.0270174202728823
2002,Gage,0.23031,0.9421110308277573
2002,Polk,0.05556,0.5033164476647128
2002,Valley,0.04541,0.23883769411217715
2002,Garden,0.02284,0.5393943957145158
2002,RedWillow,0.11436,0.31688937544870927
2002,Banner,0.00769,0.187992255320283
2002,Cuming,0.09962,2.5206228860183844
2002,Loup,0.00736,0.14187665938308103
2002,Blaine,0.00551,0.4381702929694661
2002,Dodge,0.3606,0.45383191721897437
2002,Hayes,0.01098,0.60535337743426465
2002,Sheridan,0.05995,0.07896475312843106
2002,Douglas,4.71866,0.09709458694089669
2002,Kearney,0.06785,0.04396401939875533
2002,Otoe,0.15524,0.04389244078925046
2002,Cass,0.24602,0.19077247622407714
2002,Keith,0.08757,0.454091976459103
2002,Pawnee,0.0302,0.22918639878008806
2002,Washington,0.19264,0.09398233492155043
2002,Garfield,0.01945,0.0913398018387901
2002,Richardson,0.09125,0.06330614649003995
2002,Wayne,0.09664,0.16965252364283057
2002,Custer,0.11508,2.339871065218094
2002,Madison,0.35862,0.05875523080504235
2002,Boone,0.06053,0.16077552788537267
2002,Dakota,0.20374,0.23509430916104723
2002,Hitchcock,0.03056,0.17385854506764273
2002,Sherman,0.03228,0.04969174747318173
2002,Dundy,0.02159,0.048420555866028434
2002,Holt,0.1121,0.044195231192903084
2002,Sioux,0.01443,0.03145318599699446
2002,Cedar,0.09391,0.35897998232384654
2002,KeyaPaha,0.00957,0.20266847822918008
2002,Perkins,0.03119,0.060918907869997235
2002,Chase,0.04045,0.0414190057072592
2002,Gosper,0.021,0.05274267277749815
2002,Rock,0.01674,0.03326340373967641
2002,Webster,0.0397,2.9351959758402253
2002,Grant,0.00726,32.66628270265748
2002,McPherson,0.00549,0.937918770205165
2002,BoxButte,0.11951,2.3328532982743706
2002,Dawes,0.09227,3.794287269663873
2002,Merrick,0.08054,2.0562931634701673
2002,Boyd,0.02352,0.6249734575959045
2002,Fillmore,0.06376,0.6685679854080565
2002,Hooker,0.00731,0.5827339865995194
2002,Stanton,0.06453,0.28099130128987815
2002,Franklin,0.03484,2.203427887860944
2002,Kimball,0.04046,2.215355534856267
2002,Phelps,0.09684,1.112417990746146
2002,Cherry,0.06054,0.5954490256945657
2002,Knox,0.09108,0.909681516934885
2002,Saline,0.1411,0.5965664984526693
2002,Wheeler,0.00837,1.0415539874847115
2002,Greeley,0.02696,13.673651963000921
2002,Sarpy,1.2949600000000001,0.4320504539938099
2002,Dawson,0.24149,2.0068474922564117
2002,Morrill,0.05225,1.7933393181922865
2002,Brown,0.03497,3.1969631868662276
2002,Howard,0.06427,0.49184560920226633
2002,Thayer,0.05723,0.6413197731244626
2002,Frontier,0.03037,0.4173248487450667
2002,Pierce,0.07627,0.3956956167765518
2002,Cheyenne,0.09973,2.3032414088266164
2002,Lancaster,2.58398,3.7092941927128287
2003,Deuel,0.02027,1.220301909805378
2003,Jefferson,0.08157,1.0071098217655658
2003,Platte,0.30756,0.9234412513733291
2003,Antelope,0.07172,0.7776703106908597
2003,Keith,0.08514,0.22514300463236553
2003,RedWillow,0.11336,3.119275317424932
2003,Banner,0.00763,0.11941532594170973
2003,Dixon,0.05984,0.3916366483682168
2003,Richardson,0.08949,0.3868606742207843
2003,Blaine,0.00545,0.4390274318362463
2003,Dodge,0.36184,0.11592333441784985
2003,Johnson,0.05102,0.13901304067799014
2003,Boone,0.05888,0.11819428585918768
2003,Douglas,4.76701,0.07188137147770637
2003,Kearney,0.068,0.8604213562196433
2003,Polk,0.05529,0.6165677158922495
2003,Dundy,0.0217,0.2438141500964261
2003,Sarpy,1.32017,0.22501883058982777
2003,Boyd,0.02304,0.16260782566799875
2003,Fillmore,0.06371,0.12311757061207464
2003,KeyaPaha,0.00964,2.5146664269432577
2003,Brown,0.03478,37.24818922471218
2003,Franklin,0.0344,0.7373987244652042
2003,Kimball,0.0396,2.4191853510697636
2003,Rock,0.016,1.938231920255799
2003,Frontier,0.02981,1.6295943825514116
2003,Knox,0.09065,0.32544705962853604
2003,Saline,0.14232,0.3980268791815723
2003,BoxButte,0.11719,0.3826618686125791
2003,Lancaster,2.62667,0.24188819784575047
2003,Adams,0.30693,2.105181187028882
2003,York,0.14175,1.9868223047332338
2003,Hall,0.5405,0.6456863155071116
2003,Saunders,0.20104,0.35365768097450495
2003,Colfax,0.10433,0.35209473525080476
2003,Hamilton,0.09349,0.291031308708862
2003,Nance,0.03842,10.539578986617155
2003,Buffalo,0.43251,129.6935996145751
2003,Harlan,0.03717,3.283349164413674
2003,Nemaha,0.07215,8.961614129375329
2003,Thomas,0.00689,12.404804631380228
2003,Furnas,0.05207,5.779792809648858
2003,Nuckolls,0.04873,2.419286596259305
2003,Thurston,0.06987,2.1852301917807426
2003,Clay,0.06859,1.7067343155264179
2003,Lincoln,0.34776,1.2182359679653858
2003,Valley,0.04581,9.6936621082341
2003,Garden,0.02304,10.838451499970779
2003,Logan,0.00737,7.966990912439099
2003,ScottsBluff,0.36468,4.396219097266438
2003,Cuming,0.09832,4.919238482694074
2003,Loup,0.00722,2.941614589818323
2003,Seward,0.16527,0.4087369615936151
2003,Burt,0.07366,6.02463124979937
2003,Hayes,0.01092,0.2616035070633784
2003,Sheridan,0.05842,1.1313069936689542
2003,Butler,0.08716,1.0719525286687928
2003,Gage,0.23056,0.7714926887087439
2003,Otoe,0.15478,0.2449296244956316
2003,Cass,0.24868,0.26010511862103675
2003,Holt,0.11042,0.18974400204366448
2003,Pawnee,0.02907,0.15704538954673472
2003,Washington,0.1951,0.9157826819703035
2003,Garfield,0.01936,0.8801929379207114
2003,Perkins,0.03082,0.5098851464300462
2003,Wayne,0.09689,0.27862006774399495
2003,Custer,0.11388,0.5570895743765975
2003,Madison,0.35858,0.4028447813913685
2003,Webster,0.03952,1.0399932954547129
2003,Dakota,0.20488,11.405570460433756
2003,Hitchcock,0.03047,0.39185224399661167
2003,Sherman,0.03222,1.5378136243253595
2003,Dawes,0.09306,2.0625296087363596
2003,Merrick,0.08033,1.070464408330467
2003,Sioux,0.01489,0.4064280398010199
2003,Cedar,0.09291,0.41986731778870356
2003,Hooker,0.00737,0.3145242607299444
2003,Stanton,0.06437,0.23238687316188303
2003,Chase,0.0409,1.3104615754993325
2003,Gosper,0.02136,1.4617648983755922
2003,Phelps,0.09576,1.0349796872963328
2003,Cherry,0.06031,0.44170446294555643
2003,Grant,0.00697,0.6756058941721093
2003,McPherson,0.00538,0.4880064801784639
2003,Wheeler,0.00815,0.24002265533709677
2003,Greeley,0.02662,2.2927865195908623
2003,Dawson,0.24175,0.08214475176910661
2003,Morrill,0.05202,0.44572774225160694
2003,Howard,0.06509,0.6002544178835768
2003,Thayer,0.05625,0.34165256980909625
2003,Pierce,0.07615,0.12361556024243146
2003,Cheyenne,0.09935,0.10187741247195777
2004,Saunders,0.20248,0.09629403503215474
2004,Deuel,0.02025,0.06831684405511688
2004,Buffalo,0.43753,0.37652574537473893
2004,Jefferson,0.08117,0.5493982213792677
2004,Furnas,0.05112,0.3078637524605796
2004,Platte,0.30658,0.1540540768635819
2004,Lincoln,0.35177,0.237923741135748
2004,Antelope,0.07063,0.21266437401704402
2004,Garden,0.02245,0.45946090168014175
2004,Logan,0.00738,6.900220447148187
2004,ScottsBluff,0.36278,0.378877344924291
2004,Dixon,0.05908,1.6146494644561844
2004,Loup,0.00669,1.4659336085307042
2004,Seward,0.16681000000000001,1.4626555321390629
2004,Burt,0.07399,0.4317381951602517
2004,Johnson,0.05372,0.40326411519731903
2004,Sheridan,0.05851,0.3050446221103731
2004,Butler,0.08631,0.23796432141019236
2004,Gage,0.23052,1.9732598463722388
2004,Polk,0.05466,1.6990467404223115
2004,Cass,0.25074,0.7098029104854623
2004,Keith,0.08444,0.41903636387370935
2004,RedWillow,0.11351,1.29079525244051
2004,Banner,0.00749,0.41351198891388463
2004,Garfield,0.01955,1.5054332916401367
2004,Richardson,0.08879,27.424301580722204
2004,Blaine,0.00515,0.2979276998070175
2004,Dodge,0.36267,0.7437687635832586
2004,Madison,0.35722,1.088322391433468
2004,Boone,0.05813,0.8359202392113746
2004,Douglas,4.82075,0.17379647363084783
2004,Kearney,0.06776,0.2545525578401644
2004,Sherman,0.03255,0.13537968290152624
2004,Dundy,0.02154,0.1420592459973614
2004,Merrick,0.08018,1.011513601624383
2004,Sioux,0.01438,1.233319200558508
2004,Cedar,0.09246,1.0334590106322055
2004,KeyaPaha,0.00942,0.4390248533214001
2004,Stanton,0.06426,0.5215390832985338
2004,Chase,0.04018,0.17678061236553
2004,Gosper,0.02112,0.6040723622988806
2004,Rock,0.01597,8.189877646815196
2004,Cherry,0.06064,0.2575399137244053
2004,Grant,0.0068,0.850131872239471
2004,McPherson,0.00531,0.7945516924168893
2004,BoxButte,0.11528,1.1498495239389335
2004,Greeley,0.02643,0.19631851369540745
2004,Sarpy,1.36339,0.23504340230857548
2004,Boyd,0.02246,0.3027659226294542
2004,Fillmore,0.06281,0.18761372868895898
2004,Morrill,0.05147,1.1896954844671979
2004,Brown,0.03441,2.085351925567002
2004,Franklin,0.03411,0.6136471664588068
2004,Kimball,0.03921,0.3866581258129333
2004,Thayer,0.05495,0.48394562240504746
2004,Frontier,0.0299,0.36727147060648924
2004,Knox,0.09025,0.45326818819150405
2004,Saline,0.14206,7.096234165398898
2004,Cheyenne,0.0997,0.3666172698947742
2004,Lancaster,2.65087,1.2055339164643286
2004,Adams,0.3074,1.3742427732242142
2004,York,0.13952,1.7660000256583401
2004,Hall,0.54413,0.3093695840080906
2004,Valley,0.04482,0.3835750017128659
2004,Colfax,0.10457,0.2408896140065147
2004,Hamilton,0.09319,0.29778944155334297
2004,Nance,0.03787,1.374056290594452
2004,Cuming,0.09709,2.6893965312081
2004,Harlan,0.03633,1.5161335224193062
2004,Nemaha,0.07182,0.5547260566648561
2004,Thomas,0.00664,0.7227250472760811
2004,Hayes,0.01063,0.4781295180280441
2004,Nuckolls,0.04872,3.2932351816480088
2004,Thurston,0.06943,46.22059986670126
2004,Clay,0.06795,0.4880686689937926
2004,Otoe,0.15525,1.7763106017812922
2004,Dawes,0.09127,3.0005441237764043
2004,Holt,0.10868,0.9190744984558253
2004,Pawnee,0.02907,0.32845550601181023
2004,Washington,0.19589,0.46761483965009315
2004,Hooker,0.00748,0.2737949741693004
2004,Perkins,0.03134,0.15849837602472153
2004,Wayne,0.09612,1.0443372462967544
2004,Custer,0.11328,1.9313271440628306
2004,Phelps,0.09535,1.5203076356678458
2004,Webster,0.03949,0.5540933609441565
2004,Dakota,0.2041,0.6971753180127094
2004,Hitchcock,0.03055,0.5223755343595861
2004,Wheeler,0.00811,0.8183951102198702
2004,Dawson,0.24112,9.539448784856484
2004,Howard,0.06465,0.36434668366842815
2004,Pierce,0.07477,1.2424270244775855
2005,Hall,0.54535,1.8400651916173851
2005,Saunders,0.2046,1.0356253879886077
2005,Deuel,0.01999,0.4008155274966552
2005,Nance,0.03831,0.43405267899182143
2005,Buffalo,0.44131,0.31413681585811987
2005,Jefferson,0.08025,0.22469858267996787
2005,Thomas,0.00661,1.4525948694602353
2005,Furnas,0.05051,1.4623109040780125
2005,Platte,0.30865,0.9149448557024816
2005,Clay,0.06669,0.6204573947491551
2005,Lincoln,0.35577,0.7736799700695778
2005,Antelope,0.06994,0.6590013391810234
2005,Colfax,0.10238,1.333266754554533
2005,Hamilton,0.09269,18.60364546957326
2005,ScottsBluff,0.36277,0.7651803679070008
2005,Dixon,0.05961,2.959119130616452
2005,Harlan,0.03558,2.8240373958627107
2005,Nemaha,0.07252,1.9815352029354871
2005,Burt,0.07225,0.6631717393607555
2005,Johnson,0.05257,0.6486452924498672
2005,Nuckolls,0.04796,0.47399120735379335
2005,Thurston,0.07009,0.36932818916802884
2005,Gage,0.22866,2.560104943852279
2005,Polk,0.05473,2.111759670214651
2005,Valley,0.04395,1.219111704595826
2005,Garden,0.02111,0.8213639016836247
2005,Logan,0.00747,1.4647813357527293
2005,Banner,0.00731,0.8440970107580563
2005,Cuming,0.09642,4.113107007288636
2005,Loup,0.00652,53.434915620422686
2005,Seward,0.16601,0.9996925304236606
2005,Dodge,0.36442,2.3604695978902224
2005,Hayes,0.01051,3.536465910101217
2005,Sheridan,0.05726,2.4125055083963685
2005,Butler,0.08479,0.7811691997825859
2005,Kearney,0.06698,0.6948835449704214
2005,Otoe,0.15607,0.5230036546257509
2005,Cass,0.2517,0.40609723179414015
2005,Keith,0.08418,3.9018759162678
2005,RedWillow,0.11219,2.965341256590594
2005,Washington,0.19861,1.6393682173920932
2005,Garfield,0.01969,1.2126199310519077
2005,Richardson,0.08799,1.4779939276983183
2005,Blaine,0.00492,0.7850175946719508
2005,Custer,0.11248,0.1374138543767391
2005,Madison,0.35631,1.9146163477186584
2005,Boone,0.05746,0.12891943251968233
2005,Douglas,4.88114,0.49765854948492466
2005,Hitchcock,0.02954,0.46703624806392996
2005,Sherman,0.03239,0.39099678034982616
2005,Dundy,0.02091,0.12731756118401347
2005,Holt,0.10839,0.1341890922934902
2005,Pawnee,0.02884,0.12550310142002097
2005,Cedar,0.0924,0.10150140840912347
2005,KeyaPaha,0.00904,0.5946837637944388
2005,Perkins,0.03145,0.4417349266032819
2005,Wayne,0.09654,0.2605831159254272
2005,Gosper,0.0211,0.16832965005454043
2005,Rock,0.01557,0.43611451536951895
2005,Webster,0.03902,0.21206029061932635
2005,Dakota,0.20191,0.19981044751561944
2005,McPherson,0.00522,2.4202983047584863
2005,BoxButte,0.11422,0.10485974943691571
2005,Dawes,0.09087,0.48032930023062376
2005,Merrick,0.07904,0.32598079683311754
2005,Sioux,0.01437,0.7974584065554743
2005,Fillmore,0.06126,0.09023531353338175
2005,Hooker,0.0074400000000000004,0.14469027094039294
2005,Stanton,0.06376,0.14162950918518313
2005,Chase,0.03983,0.0685923712492914
2005,Kimball,0.03925,0.6019188233068145
2005,Phelps,0.09402,0.6566945552341589
2005,Cherry,0.06039,0.3611347176754908
2005,Grant,0.00676,0.25451690223979395
2005,Saline,0.14136,0.19111026556111138
2005,Wheeler,0.00832,0.24293022982325543
2005,Greeley,0.02577,4.898116408093807
2005,Sarpy,1.40239,79.48651037353984
2005,Boyd,0.02219,2.0000158656413602
2005,Dawson,0.24085,5.320924727172036
2005,Morrill,0.0511,7.798456268937629
2005,Brown,0.03329,4.545862893427958
2005,Franklin,0.03425,1.5680223672995235
2005,Howard,0.06432,1.4973794785988184
2005,Thayer,0.05454,1.0178294051188672
2005,Frontier,0.02944,0.7865322799602584
2005,Knox,0.08897,5.92460159397881
2005,Pierce,0.07508,6.530907609423859
2005,Cheyenne,0.10125,4.764579205663854
2005,Lancaster,2.68868,2.663907495856129
2005,Adams,0.30987,2.4435491505871707
2005,York,0.14021,1.5875637302831611
2006,Adams,0.3091,0.42314963139218686
2006,York,0.1413,8.302232496012284
2006,Hall,0.5519,0.27698842572796817
2006,Saunders,0.20411,0.6682120935341055
2006,Deuel,0.01969,0.682767437543905
2006,Hamilton,0.09196,0.9263643017815563
2006,Nance,0.03807,0.14125375737390908
2006,Buffalo,0.44645,0.1916302396623257
2006,Jefferson,0.0797,0.10823175445555601
2006,Nemaha,0.07311,0.13712190523816944
2006,Thomas,0.00659,0.5998846611487479
2006,Furnas,0.05016,1.0860745909865406
2006,Platte,0.311,0.6397239846562218
2006,Thurston,0.06947,0.27371249541237613
2006,Clay,0.06609,0.2971927197391874
2006,Lincoln,0.35973,0.1771891311458638
2006,Antelope,0.06836,0.21069332641569433
2006,Colfax,0.09993,3.0163845171654278
2006,Logan,0.00756,0.17791061088856647
2006,ScottsBluff,0.36223,0.6691826837010854
2006,Dixon,0.05987,0.658297206880373
2006,Harlan,0.03522,0.6018596761841366
2006,Seward,0.16654,0.19045368579532246
2006,Burt,0.07122,0.17513285971246115
2006,Johnson,0.05257,0.13679207104815658
2006,Nuckolls,0.04709,0.11587046176643208
2006,Butler,0.08396,0.8112251300441546
2006,Gage,0.22875,0.5674521133291709
2006,Polk,0.05409,0.3354927425707782
2006,Valley,0.04367,0.17635256198488133
2006,Garden,0.0212,0.5345635040629015
2006,RedWillow,0.11194,0.23666364613186108
2006,Banner,0.00733,2.0506293956414043
2006,Cuming,0.0944,23.579028402605914
2006,Loup,0.00635,0.8257247437719514
2006,Blaine,0.00493,3.5669879317073945
2006,Dodge,0.36597,4.527417104666122
2006,Hayes,0.00994,3.0426946611400116
2006,Sheridan,0.05649,1.0113357915162111
2006,Douglas,4.93757,1.0102960651581616
2006,Kearney,0.06614,0.7030440358018005
2006,Otoe,0.15753,0.5622368969981565
2006,Cass,0.2524,3.561856576585132
2006,Keith,0.08381,3.89663516288837
2006,Pawnee,0.02802,2.2790741356410744
2006,Washington,0.20056,1.3112933890800758
2006,Garfield,0.01984,2.1342894918247795
2006,Richardson,0.08642,1.7730918605076198
2006,Wayne,0.0972,7.261668139190447
2006,Custer,0.1109,67.1401148433043
2006,Madison,0.35415,2.9868464788258655
2006,Boone,0.05623,14.517095125478555
2006,Dakota,0.20295,21.95379544309164
2006,Hitchcock,0.02956,13.55083490577206
2006,Sherman,0.03148,4.155025529503307
2006,Dundy,0.02051,4.027001746164859
2006,Holt,0.10613,3.2971231092889415
2006,Sioux,0.01409,2.4563152672366813
2006,Cedar,0.0906,15.266454230205667
2006,KeyaPaha,0.00892,18.767492731572325
2006,Perkins,0.03041,11.141361213755253
2006,Chase,0.03965,5.77760841576639
2006,Gosper,0.02075,10.624817249423394
2006,Rock,0.01552,7.611393602249765
2006,Webster,0.03846,0.2570378513025468
2006,Grant,0.00677,5.521061934091706
2006,McPherson,0.00518,0.12951118313273213
2006,BoxButte,0.11338,0.2904917301480672
2006,Dawes,0.0904,0.48451262074486134
2006,Merrick,0.07813,0.4512130395288395
2006,Boyd,0.02143,0.07944605991768423
2006,Fillmore,0.06053,0.13032924050454606
2006,Hooker,0.00751,0.05004711622479878
2006,Stanton,0.06363,0.06640707940368146
2006,Franklin,0.03352,0.3875794314235043
2006,Kimball,0.03879,0.5608625072104928
2006,Phelps,0.09405,0.47187996982268604
2006,Cherry,0.05927,0.15514950035811678
2006,Knox,0.08846,0.1614356450203058
2006,Saline,0.13987,0.06444177759698673
2006,Wheeler,0.00826,1.1843570235483614
2006,Greeley,0.02578,17.195770651075275
2006,Sarpy,1.4407,0.2717764917768989
2006,Dawson,0.24291,1.0749133244350515
2006,Morrill,0.0509,1.5203224185734754
2006,Brown,0.03319,0.7018949158746005
2006,Howard,0.06357,0.22056195183712388
2006,Thayer,0.05312,0.31243022319955593
2006,Frontier,0.02879,0.19055081805361018
2006,Pierce,0.07416,0.11962911842279285
2006,Cheyenne,0.09943,0.6556857227953014
2006,Lancaster,2.72286,1.2777101612708879
2007,Deuel,0.01982,0.8225867075688199
2007,Jefferson,0.07765,0.3257270872232201
2007,Platte,0.31408,0.45275246530250307
2007,Antelope,0.06767,0.3743097637228538
2007,Keith,0.08423,0.5974900921156482
2007,RedWillow,0.11053,6.952987270679281
2007,Banner,0.00715,0.16456016097431142
2007,Dixon,0.05993,0.5744607711029467
2007,Richardson,0.0848,0.7646059716755457
2007,Blaine,0.00463,0.3613468895732529
2007,Dodge,0.36647,0.1023235146433677
2007,Johnson,0.05163,0.16022227145150025
2007,Boone,0.05582,0.0810662527695728
2007,Douglas,4.98743,0.06812651359602769
2007,Kearney,0.06624,0.48497634945479356
2007,Polk,0.05447,0.7120646605825308
2007,Dundy,0.0201,0.6361942772232304
2007,Sarpy,1.48214,0.2881470221898749
2007,Boyd,0.02109,0.2205148445874059
2007,Fillmore,0.05985,0.18187921845057434
2007,KeyaPaha,0.00857,0.33027637964851536
2007,Brown,0.03225,5.925206615590181
2007,Franklin,0.03207,0.14995384638230672
2007,Kimball,0.03809,0.4089732330470098
2007,Rock,0.01551,0.5774126136726523
2007,Frontier,0.0286,0.4016035933656152
2007,Knox,0.08862,0.10607930901127849
2007,Saline,0.14069,0.13883796427227885
2007,BoxButte,0.11409,0.06571147747897732
2007,Lancaster,2.76012,0.07912175374322673
2007,Adams,0.30892,0.41592101282809607
2007,York,0.14078,0.6984911610455953
2007,Hall,0.55742,0.5792486647087378
2007,Saunders,0.20483,0.2717057020682979
2007,Colfax,0.09993,0.24063392030821218
2007,Hamilton,0.09204,0.10824934045562198
2007,Nance,0.03766,2.3024980999196956
2007,Buffalo,0.4506,35.71383842187739
2007,Harlan,0.03511,0.5349635874249891
2007,Nemaha,0.0722,1.6581815172147734
2007,Thomas,0.00667,1.8760815804485385
2007,Furnas,0.04929,1.035542632855815
2007,Nuckolls,0.04642,0.31122493680323354
2007,Thurston,0.06925,0.347112314976124
2007,Clay,0.06564,0.17244065963425498
2007,Lincoln,0.36011,0.2275009543287603
2007,Valley,0.04327,1.0283413791859575
2007,Garden,0.02046,1.6767013582661017
2007,Logan,0.00751,1.5302360453383475
2007,ScottsBluff,0.36338,0.4502032803719517
2007,Cuming,0.09286,0.6379517784832125
2007,Loup,0.00649,0.29379854414677553
2007,Seward,0.1649,1.6451189275644043
2007,Burt,0.06999,21.657302312402408
2007,Hayes,0.00977,0.42393758228761347
2007,Sheridan,0.05592,2.556616923004133
2007,Butler,0.08375,3.0261851264677184
2007,Gage,0.22843,1.4070287693042314
2007,Otoe,0.15841,0.5841890781296575
2007,Cass,0.25256,0.6231327259074164
2007,Holt,0.10541,0.3718227746739617
2007,Pawnee,0.02791,0.27189500571002423
2007,Washington,0.20203,1.5704744980534997
2007,Garfield,0.01977,2.9473189877270873
2007,Perkins,0.03013,1.4216814256287902
2007,Wayne,0.09506,0.8317271267312583
2007,Custer,0.11005,0.9038655787577916
2007,Madison,0.34298,0.9086286436086264
2007,Webster,0.03859,0.7450428400258549
2007,Dakota,0.20564,13.57700759739382
2007,Hitchcock,0.02931,0.1286232015619617
2007,Sherman,0.03145,0.4597037859589487
2007,Dawes,0.09181,0.48824389381873246
2007,Merrick,0.07709,0.6724275951110827
2007,Sioux,0.01404,0.11219869405536763
2007,Cedar,0.08941,0.13927481708979686
2007,Hooker,0.00732,0.09981066059221666
2007,Stanton,0.06248,0.10762782228347731
2007,Chase,0.03913,0.5326565151705199
2007,Gosper,0.02101,0.8166713513210389
2007,Phelps,0.09222,0.3893093398153124
2007,Cherry,0.05834,0.20518394877502824
2007,Grant,0.0066,0.2787247684362748
2007,McPherson,0.00545,0.15892813713830178
2007,Wheeler,0.00837,0.9080431631060162
2007,Greeley,0.02538,11.376297000500111
2007,Dawson,0.24178,0.14055599801099203
2007,Morrill,0.05122,0.38385226560585
2007,Howard,0.06333,0.5435382831849693
2007,Thayer,0.05308,0.36830090192585585
2007,Pierce,0.07314,0.11794239528293818
2007,Cheyenne,0.10139,0.11234151354928791
2008,Saunders,0.20446,0.10628259779718573
2008,Deuel,0.01986,0.06399906153100957
2008,Buffalo,0.45343,0.5583674903961852
2008,Jefferson,0.07684,0.5104447446606043
2008,Furnas,0.04873,0.3002302478060987
2008,Platte,0.31527,0.16262167607149905
2008,Lincoln,0.36301,0.25885401550313986
2008,Antelope,0.06704,0.1368088822325176
2008,Garden,0.02004,0.3814469666722471
2008,Logan,0.0073,5.307756700727435
2008,ScottsBluff,0.36536,0.17468126257960748
2008,Dixon,0.06004,0.49427787387498556
2008,Loup,0.0063,0.7019087895139864
2008,Seward,0.16653,0.40592594257074177
2008,Burt,0.06967,0.14017237813049177
2008,Johnson,0.05203,0.13400247504974513
2008,Sheridan,0.055,0.07788464367192695
2008,Butler,0.08355,0.07455669206119209
2008,Gage,0.22574,0.4535679260627631
2008,Polk,0.05402,0.5822198379250381
2008,Cass,0.25322,0.5213721090873426
2008,Keith,0.0829,0.17936164804302865
2008,RedWillow,0.11034,0.21583264642372643
2008,Banner,0.00677,0.12121213492896979
2008,Garfield,0.02001,0.18425085762639387
2008,Richardson,0.08413,3.1138216769276785
2008,Blaine,0.00456,0.11146419394763238
2008,Dodge,0.36548,0.4092474607373833
2008,Madison,0.34319,0.34186480747680964
2008,Boone,0.05548,0.35996833556502406
2008,Douglas,5.04547,0.0626409010824345
2008,Kearney,0.06554,0.06372867968158122
2008,Sherman,0.03147,0.051771472040251766
2008,Dundy,0.01973,0.05648492097024798
2008,Merrick,0.07734,0.23553833926060183
2008,Sioux,0.0136,0.3308033334639797
2008,Cedar,0.08839,0.1509814959873651
2008,KeyaPaha,0.00836,0.06941699663774466
2008,Stanton,0.06145,0.09894110178401408
2008,Chase,0.03865,0.06796757078055554
2008,Gosper,0.02049,0.46753155185366724
2008,Rock,0.01554,5.379661759635096
2008,Cherry,0.05752,0.19760496541022662
2008,Grant,0.00653,0.5282918973513577
2008,McPherson,0.00558,0.8249964027315335
2008,BoxButte,0.11482,0.49446654110124655
2008,Greeley,0.02548,0.17984782927560655
2008,Sarpy,1.52762,0.16147188932126955
2008,Boyd,0.02102,0.15720392855477225
2008,Fillmore,0.0594,0.09819092129804177
2008,Morrill,0.05079,0.6729320765254011
2008,Brown,0.03149,0.702563899594195
2008,Franklin,0.03167,0.36485417506673695
2008,Kimball,0.03761,0.15637797616570534
2008,Thayer,0.05253,0.2886391959235504
2008,Frontier,0.02786,0.1459232428758679
2008,Knox,0.08708,8.1384772676548
2008,Saline,0.14048,89.02966716158677
2008,Cheyenne,0.1015,2.8923261142243972
2008,Lancaster,2.79605,8.392061930219798
2008,Adams,0.3116,12.526848035277771
2008,York,0.13881,6.637351505371438
2008,Hall,0.56795,2.329443816737713
2008,Valley,0.04228,2.9431704185315453
2008,Colfax,0.10083,1.9409265891916874
2008,Hamilton,0.09157,1.2278469100084484
2008,Nance,0.03745,9.042425236516427
2008,Cuming,0.09215,12.845032146151777
2008,Harlan,0.03435,9.514616871319319
2008,Nemaha,0.0728,4.419401949877274
2008,Thomas,0.00661,6.1117308316479955
2008,Hayes,0.00986,2.9809090258772915
2008,Nuckolls,0.04571,5.384758507200587
2008,Thurston,0.06821,68.65892753727087
2008,Clay,0.06543,1.0198286942455155
2008,Otoe,0.15728,3.3863112210410193
2008,Dawes,0.09134,4.487518374548006
2008,Holt,0.10399,1.931605202272233
2008,Pawnee,0.02711,0.6242444297938519
2008,Washington,0.20101,0.843439794576784
2008,Hooker,0.00734,0.5676632403982614
2008,Perkins,0.02949,0.33361000459897694
2008,Wayne,0.09481,2.0919860974881934
2008,Custer,0.11001,3.517531408589265
2008,Phelps,0.09195,2.44305969463184
2008,Webster,0.03771,0.8056947877003027
2008,Dakota,0.20559,1.2980133265444427
2008,Hitchcock,0.02927,0.7345701813188714
2008,Wheeler,0.00831,1.5359014744816253
2008,Dawson,0.2416,19.29746790697827
2008,Howard,0.06261,0.3352379377824557
2008,Pierce,0.07286,1.0289104259243584
2009,Hall,0.57955,1.2708372530778893
2009,Saunders,0.20515,0.6982276381057502
2009,Deuel,0.01941,0.20706857977186874
2009,Nance,0.03729,0.2239348805556804
2009,Buffalo,0.4597,0.1254074805015896
2009,Jefferson,0.07602,0.1147370846565587
2009,Thomas,0.00655,0.7210125844071821
2009,Furnas,0.04934,1.122849686624046
2009,Platte,0.32017,1.078936503424536
2009,Clay,0.06512,0.2975657366220778
2009,Lincoln,0.3628,0.3612748161351651
2009,Antelope,0.06739,0.23478694388388807
2009,Colfax,0.1038,0.11735198183782958
2009,Hamilton,0.09113,2.155578589214534
2009,ScottsBluff,0.36677,0.05506234467336071
2009,Dixon,0.06013,0.14327225715694974
2009,Harlan,0.03406,0.22940227995051082
2009,Nemaha,0.07178,0.16871354251349022
2009,Burt,0.06885,0.044629100291498566
2009,Johnson,0.05199,0.05836077804579349
2009,Nuckolls,0.04495,0.020645830016278257
2009,Thurston,0.06866,0.025009318161640395
2009,Gage,0.22364,0.14867601583612436
2009,Polk,0.05409,0.2495812835416355
2009,Valley,0.04228,0.1851889489442798
2009,Garden,0.0201,0.08518985418597165
2009,Logan,0.00738,0.07655622406854139
2009,Banner,0.00686,0.03535073627911556
2009,Cuming,0.09132,0.35913067558452433
2009,Loup,0.00629,6.848872116411536
2009,Seward,0.16536,0.1531725180161014
2009,Dodge,0.36604,0.39592973414825017
2009,Hayes,0.00987,0.6926561890529331
2009,Sheridan,0.05498,0.5084309053741969
2009,Butler,0.08387,0.10633660342403732
2009,Kearney,0.06476,0.13637084322615037
2009,Otoe,0.15608,0.05512515704831436
2009,Cass,0.25122,0.08556184940366442
2009,Keith,0.0832,0.4302620801551335
2009,RedWillow,0.11018,0.7147271128941922
2009,Washington,0.20124,0.6506691877768163
2009,Garfield,0.02029,0.2507591279086297
2009,Richardson,0.08383,0.3432148078900924
2009,Blaine,0.00477,0.10412539972186266
2009,Custer,0.10999,1.976170410163707
2009,Madison,0.34609,30.698756212445115
2009,Boone,0.05514,0.9315189267716856
2009,Douglas,5.11902,3.0999439087436778
2009,Hitchcock,0.02906,3.210542486951611
2009,Sherman,0.03129,2.9027089796367593
2009,Dundy,0.01997,0.7788940394801099
2009,Holt,0.10406,0.911501606465934
2009,Pawnee,0.02752,0.766613710237259
2009,Cedar,0.08854,0.4516525562547696
2009,KeyaPaha,0.0082,4.860804647792615
2009,Perkins,0.02937,3.394335217371083
2009,Wayne,0.09552,1.635669260983993
2009,Gosper,0.0202,0.9906121758143319
2009,Rock,0.0155,1.243185951117709
2009,Webster,0.03788,0.8893619330710909
2009,Dakota,0.20924,0.12888496886436898
2009,McPherson,0.00537,1.9823617580809654
2009,BoxButte,0.11347,0.06651314560722033
2009,Dawes,0.09218,0.18735334292657452
2009,Merrick,0.07813,0.28985404089321437
2009,Sioux,0.01324,0.24363148072247898
2009,Fillmore,0.05898,0.06307045744397823
2009,Hooker,0.00733,0.046255860975183596
2009,Stanton,0.06157,0.05075188526489812
2009,Chase,0.03921,0.03655238430286772
2009,Kimball,0.03799,0.2442027349771679
2009,Phelps,0.09148,0.37735110554631945
2009,Cherry,0.05683,0.0939387183303016
2009,Grant,0.00619,0.06975773257060194
2009,Saline,0.14166,0.05914441658293915
2009,Wheeler,0.00809,0.05500138288880478
2009,Greeley,0.02502,0.656727986375569
2009,Sarpy,1.56147,7.892953036435537
2009,Boyd,0.02075,0.3659109544145956
2009,Dawson,0.24212,1.0123192626355262
2009,Morrill,0.05019,1.5494110553338003
2009,Brown,0.03115,0.8116038239737144
2009,Franklin,0.03186,0.2668791493658797
2009,Howard,0.06288,0.2696280381252768
2009,Thayer,0.0521,0.21663107522712052
2009,Frontier,0.02772,0.14684230373976742
2009,Knox,0.087,1.028400716537749
2009,Pierce,0.0726,1.4218304956522128
2009,Cheyenne,0.10032,0.7464373257600766
2009,Lancaster,2.83097,0.45270323165689685
2009,Adams,0.3128,0.6757436297739198
2009,York,0.13689,0.3939887762668562
2010,Adams,0.31328,0.64315577885604
2010,York,0.13669,9.167799419795738
2010,Hall,0.588,0.1671476335860892
2010,Saunders,0.20869,1.0611763418301408
2010,Deuel,0.01925,1.209567245900953
2010,Hamilton,0.09127,0.6109018332256093
2010,Nance,0.0374,0.21496959612581737
2010,Buffalo,0.46174,0.2626733933231502
2010,Jefferson,0.07521,0.1456721976214817
2010,Nemaha,0.07238,0.10446135473073118
2010,Thomas,0.00647,0.4765419912190502
2010,Furnas,0.04945,1.1232673865829903
2010,Platte,0.32305,0.5771925569165859
2010,Thurston,0.06969,0.32515451602973827
2010,Clay,0.06536,0.3226884500253216
2010,Lincoln,0.36251,0.317664122235156
2010,Antelope,0.06679,0.1772194911014495
2010,Colfax,0.1054,2.14257587016694
2010,Logan,0.00772,0.04305224850903988
2010,ScottsBluff,0.37057,0.31463129259064393
2010,Dixon,0.05985,0.3524141293022068
2010,Harlan,0.03422,0.16784434386027994
2010,Seward,0.16798,0.06416572454880604
2010,Burt,0.0684,0.08151332325076821
2010,Johnson,0.05233,0.05099560502864035
2010,Nuckolls,0.04514,0.03994373640102935
2010,Butler,0.08374,0.21613592688683378
2010,Gage,0.22269,0.3492376500839843
2010,Polk,0.05398,0.18663640335752388
2010,Valley,0.04265,0.12005602904907883
2010,Garden,0.02075,0.12080690418454208
2010,RedWillow,0.11058,0.11880022156051119
2010,Banner,0.00691,3.190988768855209
2010,Cuming,0.0916,32.77365262124087
2010,Loup,0.00628,0.6352189147025259
2010,Blaine,0.00478,1.810873580834197
2010,Dodge,0.36672,2.4455760188937634
2010,Hayes,0.00956,1.0453227925080901
2010,Sheridan,0.05444,0.36405730589958274
2010,Douglas,5.1857,0.4578873080081362
2010,Kearney,0.06477,0.30577852224993674
2010,Otoe,0.15748,0.19742289480460723
2010,Cass,0.2524,1.5440697697584054
2010,Keith,0.08354,1.9431892157397235
2010,Pawnee,0.02781,1.7944179993919154
2010,Washington,0.19923,0.7331666826898127
2010,Garfield,0.02035,0.6461024816066753
2010,Richardson,0.08372,0.5316080747069375
2010,Wayne,0.09612,1.8794638076108945
2010,Custer,0.1091,33.63080445932838
2010,Madison,0.34963,0.9496274936267136
2010,Boone,0.05511,2.354579086964685
2010,Dakota,0.21034,3.4295950471981214
2010,Hitchcock,0.02901,2.741980122244824
2010,Sherman,0.03164,0.5683450246351546
2010,Dundy,0.02008,0.75433272044226
2010,Holt,0.10434,0.4544837203226808
2010,Sioux,0.01311,0.45235739163279726
2010,Cedar,0.08818,2.7040046169698755
2010,KeyaPaha,0.00824,3.792771706627919
2010,Perkins,0.02981,1.767943891113415
2010,Chase,0.03966,1.1286395749727904
2010,Gosper,0.0204,1.1163927717451958
2010,Rock,0.01524,0.7607806413299596
2010,Webster,0.03809,0.260627862225594
2010,Grant,0.00613,3.6330648611344913
2010,McPherson,0.00539,0.09777915164004324
2010,BoxButte,0.11274,0.21815182729522176
2010,Dawes,0.09168,0.1868192885347672
2010,Merrick,0.07848,0.32028233274848217
2010,Boyd,0.02105,0.04502911528476253
2010,Fillmore,0.05871,0.053411123847231234
2010,Hooker,0.00737,0.04908681362870756
2010,Stanton,0.06142,0.03060970989241028
2010,Franklin,0.03244,0.25735838400077043
2010,Kimball,0.03834,0.34685756419350616
2010,Phelps,0.09182,0.12006121467583558
2010,Cherry,0.05694,0.09576844468972287
2010,Knox,0.08676,0.10669645628610708
2010,Saline,0.14222,0.09413550648140202
2010,Wheeler,0.00825,0.36050044824064714
2010,Greeley,0.02546,4.801254008120492
2010,Sarpy,1.59721,0.12253509947053082
2010,Dawson,0.24314,0.38546809823059486
2010,Morrill,0.05039,0.5669365258111948
2010,Brown,0.03154,0.4451652242445372
2010,Howard,0.06279,0.10763354942398216
2010,Thayer,0.05234,0.1788481566241586
2010,Frontier,0.0276,0.08605282599545427
2010,Pierce,0.0726,0.09994393800361918
2010,Cheyenne,0.09968,0.5450954922385194
2010,Lancaster,2.8616,0.991229732289721
2011,Deuel,0.01957,0.680550741309116
2011,Jefferson,0.0755,0.26925997113122874
2011,Platte,0.32513,0.3242083683538553
2011,Antelope,0.06621,0.23064166154719368
2011,Keith,0.08237,0.8907558744442882
2011,RedWillow,0.11048,14.305982903415469
2011,Banner,0.00655,0.62904610703229
2011,Dixon,0.05994,2.5140635856180737
2011,Richardson,0.08341,2.204947804025976
2011,Blaine,0.00475,2.272620560158624
2011,Dodge,0.36927,0.641804528008068
2011,Johnson,0.05217,0.7263914070021043
2011,Boone,0.05406,0.49277753774763894
2011,Douglas,5.24121,0.35469832346273455
2011,Kearney,0.06546,3.5754372513197494
2011,Polk,0.0534,2.6206614724974426
2011,Dundy,0.01976,1.0504928751111537
2011,Sarpy,1.62555,0.7244106715983635
2011,Boyd,0.02078,1.2441218227919886
2011,Fillmore,0.05827,0.5833007964091388
2011,KeyaPaha,0.00819,7.312820838085568
2011,Brown,0.03098,86.50999851284595
2011,Franklin,0.03204,2.735184121103387
2011,Kimball,0.03807,15.75076740682213
2011,Rock,0.0148,19.580546865456935
2011,Frontier,0.02714,10.921768563226333
2011,Knox,0.08574,3.812692190815123
2011,Saline,0.14327,4.096228400987158
2011,BoxButte,0.11294,3.172345034024197
2011,Lancaster,2.89884,1.9872444512332859
2011,Adams,0.31204,13.20874327554734
2011,York,0.13784,18.544922817524633
2011,Hall,0.59485,11.416799404489522
2011,Saunders,0.20839,5.969188602111503
2011,Colfax,0.10568,7.8735219984265115
2011,Hamilton,0.09077,7.8687557479942924
2011,Nance,0.03731,6.502490088186023
2011,Buffalo,0.4682,126.7554933207314
2011,Harlan,0.03435,2.968971022041403
2011,Nemaha,0.07237,7.6847158559833
2011,Thomas,0.00698,13.714659553687481
2011,Furnas,0.04915,9.155198451196028
2011,Nuckolls,0.04447,2.565098922978157
2011,Thurston,0.06903,2.7977931558215374
2011,Clay,0.06453,1.7836633672409903
2011,Lincoln,0.36029,1.3916739846346795
2011,Valley,0.04228,12.040325302795983
2011,Garden,0.02062,13.590600331997742
2011,Logan,0.00779,7.153600461694077
2011,ScottsBluff,0.36952,4.173857594776431
2011,Cuming,0.09116,4.454723773150773
2011,Loup,0.00616,2.300890090936865
2011,Seward,0.16703,0.26595965167603414
2011,Burt,0.0678,3.848419448323138
2011,Hayes,0.00952,0.05867430613352512
2011,Sheridan,0.05361,0.13637135594523567
2011,Butler,0.08255,0.17850800542952483
2011,Gage,0.21906,0.12627140826462058
2011,Otoe,0.15739,0.04369080902840984
2011,Cass,0.25235,0.03488796851649568
2011,Holt,0.10442,0.03327651273521218
2011,Pawnee,0.02791,0.020860198744124085
2011,Washington,0.19917,0.25656569122634226
2011,Garfield,0.0201,0.2086269650692889
2011,Perkins,0.02947,0.10296627609745646
2011,Wayne,0.09453,0.08837789271535264
2011,Custer,0.10906,0.0886036310865134
2011,Madison,0.35006,0.062338230901827316
2011,Webster,0.03757,0.027997375703577163
2011,Dakota,0.20813,0.37937208559724755
2011,Hitchcock,0.02861,0.022063764208896587
2011,Sherman,0.03101,0.059972888454043596
2011,Dawes,0.09201,0.08055836374061208
2011,Merrick,0.07755,0.06998675073889579
2011,Sioux,0.01319,0.019051913918441223
2011,Cedar,0.0875,0.018822961751006517
2011,Hooker,0.00743,0.016363856831835985
2011,Stanton,0.06175,0.011271878766085562
2011,Chase,0.03983,0.10352197831482582
2011,Gosper,0.01991,0.09331201357071414
2011,Phelps,0.0914,0.03638197766984684
2011,Cherry,0.0573,0.02472646770598241
2011,Grant,0.00634,0.0350366809149391
2011,McPherson,0.00551,0.016420403981343038
2011,Wheeler,0.00815,1.299710653517091
2011,Greeley,0.02535,17.19158065591175
2011,Dawson,0.24221,1.0243076859483935
2011,Morrill,0.04985,3.123968117644096
2011,Howard,0.06295,4.382533091883064
2011,Thayer,0.05168,2.892591970270277
2011,Pierce,0.07193,0.9644030231348325
2011,Cheyenne,0.09988,0.969986707796994
2012,Saunders,0.20795,0.8302262720785315
2012,Deuel,0.01958,0.45285277738989
2012,Buffalo,0.47639,3.8672133607004624
2012,Jefferson,0.07533,3.337297834877682
2012,Furnas,0.04883,2.1874432664325014
2012,Platte,0.32674,1.218657921177524
2012,Lincoln,0.35975,2.4527153690558734
2012,Antelope,0.0655,1.456615964393271
2012,Garden,0.01982,0.026363098939335382
2012,Logan,0.00785,0.39270129446923807
2012,ScottsBluff,0.36902,0.01573568247946786
2012,Dixon,0.05885,0.041478295274882435
2012,Loup,0.00605,0.06695255305448718
2012,Seward,0.16894,0.05759489496239704
2012,Burt,0.06679,0.017224314861768467
2012,Johnson,0.05185,0.01598228943364999
2012,Sheridan,0.05329,0.013317136025949444
2012,Butler,0.08251,0.010528344124759618
2012,Gage,0.21651,0.07968021144838165
2012,Polk,0.05269,0.1015242182479567
2012,Cass,0.25124,0.043429851082946884
2012,Keith,0.0822,0.031050972220846726
2012,RedWillow,0.11044,0.028093470538590754
2012,Banner,0.00684,0.023989834442489175
2012,Garfield,0.01994,1.8485342239820637
2012,Richardson,0.08283,20.32338242291784
2012,Blaine,0.00498,0.585580970547646
2012,Dodge,0.36587,1.9426060603469586
2012,Madison,0.35088,2.844070612274539
2012,Boone,0.05428,1.4074128518433684
2012,Douglas,5.30768,0.42936992147044506
2012,Kearney,0.06508,0.5928154078965048
2012,Sherman,0.03078,0.4169654879183509
2012,Dundy,0.0198,0.25660058517075235
2012,Merrick,0.0784,1.718685526037243
2012,Sioux,0.01323,2.4547560004776687
2012,Cedar,0.08697,1.6206362017075286
2012,KeyaPaha,0.00797,0.6176002670834843
2012,Stanton,0.0609,0.8741503251316867
2012,Chase,0.04014,0.5832271784021378
2012,Gosper,0.02079,1.4383513013976312
2012,Rock,0.01426,22.479130550825236
2012,Cherry,0.05731,0.7744533302898646
2012,Grant,0.00625,3.3599179109384743
2012,McPherson,0.00509,3.0734454649697396
2012,BoxButte,0.11265,3.784553906406223
2012,Greeley,0.02464,0.5359973337931401
2012,Sarpy,1.65662,0.6219333760383698
2012,Boyd,0.0206,0.424624766578679
2012,Fillmore,0.05714,0.4417560118341989
2012,Morrill,0.04934,2.247707861383125
2012,Brown,0.03052,3.3189693559352933
2012,Franklin,0.03182,1.467626986527748
2012,Kimball,0.03802,0.8013813313814562
2012,Thayer,0.05144,1.092756840238541
2012,Frontier,0.02719,0.7277249597174477
2012,Knox,0.08573,0.43593187519769894
2012,Saline,0.14423,4.245722034667245
2012,Cheyenne,0.10072,0.18683145074194926
2012,Lancaster,2.9343,0.6018574942250385
2012,Adams,0.31347,0.9037874544811189
2012,York,0.13836,0.44406494597444546
2012,Hall,0.60094,0.15578310293976153
2012,Valley,0.04216,0.19923983090724293
2012,Colfax,0.10553,0.13758449730638933
2012,Hamilton,0.0904,0.08808700939681843
2012,Nance,0.03673,0.5753804706154629
2012,Cuming,0.09082,0.7756532942692685
2012,Harlan,0.03411,0.44516056665686027
2012,Nemaha,0.0715,0.21552316962701212
2012,Thomas,0.00701,0.3092288979226381
2012,Hayes,0.00919,0.22817707606550747
2012,Nuckolls,0.0443,0.2759855219018346
2012,Thurston,0.06925,3.337362120736533
2012,Clay,0.06383,0.06464870015893417
2012,Otoe,0.15689,0.4545261130228096
2012,Dawes,0.09132,0.5647005479550021
2012,Holt,0.10376,0.31716630410414254
2012,Pawnee,0.02791,0.1043551773513047
2012,Washington,0.19948,0.14290121259399485
2012,Hooker,0.00718,0.07558117485854511
2012,Perkins,0.02933,0.07487587786340556
2012,Wayne,0.09502,0.3211774107112201
2012,Custer,0.10847,0.5865096373993304
2012,Phelps,0.0921,0.2836823138172644
2012,Webster,0.03734,0.1818439052223085
2012,Dakota,0.20722,0.2008588912662984
2012,Hitchcock,0.02877,0.1587252713667603
2012,Wheeler,0.00797,0.44545186441253753
2012,Dawson,0.23988,8.0354919286072
2012,Howard,0.06298,0.1766432362950438
2012,Pierce,0.07187,0.8110840851228472
2013,Hall,0.6049,1.3609306634618352
2013,Saunders,0.20876,0.42370605707851433
2013,Deuel,0.0192,0.14365918238924474
2013,Nance,0.03558,0.23124455244671213
2013,Buffalo,0.48002,0.11472365537258607
2013,Jefferson,0.07512,0.09006768122072759
2013,Thomas,0.00705,0.47746324637628124
2013,Furnas,0.0483,1.103025133361116
2013,Platte,0.32603,0.9325982970143961
2013,Clay,0.06358,0.3444552502653366
2013,Lincoln,0.35938,0.3282419432930869
2013,Antelope,0.06472,0.24357165950590898
2013,Colfax,0.10455,0.4686579344683915
2013,Hamilton,0.09123,5.118299689223624
2013,ScottsBluff,0.3685,0.12036672416943511
2013,Dixon,0.05811,0.7170889379547231
2013,Harlan,0.03487,0.9876763199296643
2013,Nemaha,0.07148,0.5057087640379903
2013,Burt,0.06568,0.20080890960036282
2013,Johnson,0.05166,0.17738813580113927
2013,Nuckolls,0.04384,0.15116224977721085
2013,Thurston,0.06873,0.11015826200600222
2013,Gage,0.21766,0.6064359410701693
2013,Polk,0.05246,0.9510356483864609
2013,Valley,0.04181,0.520687853199486
2013,Garden,0.01923,0.27313972651711144
2013,Logan,0.00777,0.34972333562582925
2013,Banner,0.00678,0.33891820816223556
2013,Cuming,0.0901,0.16932633166291525
2013,Loup,0.00587,2.00511594900316
2013,Seward,0.16991,0.035878729289561345
2013,Dodge,0.36498,0.2520553179256665
2013,Hayes,0.00947,0.2896994802735743
2013,Sheridan,0.05209,0.15759718788428878
2013,Butler,0.0823,0.046851135873671984
2013,Kearney,0.06485,0.0777783175391584
2013,Otoe,0.15688,0.03816014495018163
2013,Cass,0.25295,0.03538495703203518
2013,Keith,0.08154,0.16820350066682707
2013,RedWillow,0.11053,0.28821632875906644
2013,Washington,0.19852,0.160322231140771
2013,Garfield,0.02022,0.10535039233324947
2013,Richardson,0.08132,0.0925393411311007
2013,Blaine,0.0047,0.08653800616848324
2013,Custer,0.10832,1.2287212943480337
2013,Madison,0.35158,23.699199304717737
2013,Boone,0.05397,0.48757703579950634
2013,Douglas,5.36783,1.2716713594449105
2013,Hitchcock,0.02857,2.091707957185161
2013,Sherman,0.03061,1.5401956346132526
2013,Dundy,0.01957,0.2828232141835434
2013,Holt,0.10382,0.3815062872903604
2013,Pawnee,0.0275,0.176937203084445
2013,Cedar,0.08624,0.16973172847312334
2013,KeyaPaha,0.0079,1.0782016400001582
2013,Perkins,0.02894,1.5500779574431647
2013,Wayne,0.09444,0.8286193395204372
2013,Gosper,0.02017,0.4546667161864547
2013,Rock,0.0144,0.4543185387002569
2013,Webster,0.03643,0.2565260860240653
2013,Dakota,0.20777,4.722341761902401
2013,McPherson,0.00528,59.13188723540738
2013,BoxButte,0.11297,1.172375115838667
2013,Dawes,0.09061,2.9814412023769323
2013,Merrick,0.07825,3.901262782492347
2013,Sioux,0.0133,1.9200782258472295
2013,Fillmore,0.05637,0.6572923037827819
2013,Hooker,0.00731,0.6947617020467635
2013,Stanton,0.06088,0.38844866536667233
2013,Chase,0.03979,0.3103399421680258
2013,Kimball,0.03694,2.3784144351941263
2013,Phelps,0.09179,2.987833580928303
2013,Cherry,0.05754,2.55088205132244
2013,Grant,0.00633,0.9456317639915387
2013,Saline,0.14305,0.998125962152065
2013,Wheeler,0.00779,0.8459770836059669
2013,Greeley,0.02483,0.28130974190637964
2013,Sarpy,1.69001,5.213225899493327
2013,Boyd,0.02016,0.24231439627081183
2013,Dawson,0.24029,0.9174298800064685
2013,Morrill,0.04926,0.8660053990925104
2013,Brown,0.02958,0.8927272545597923
2013,Franklin,0.03063,0.241983275575263
2013,Howard,0.06337,0.25691729406890185
2013,Thayer,0.05177,0.2094001424473464
2013,Frontier,0.02716,0.12450258620660846
2013,Knox,0.08553,1.142494002717047
2013,Pierce,0.0718,0.93778270454332735
2013,Cheyenne,0.10065,0.5249465156130713
2013,Lancaster,2.9712,0.28382407197173853
2013,Adams,0.31534,0.6467869805248758
2013,York,0.13853,0.3533145310380076
2014,Adams,0.31396,3.0505595969390185
2014,York,0.13918,32.66214402108237
2014,Hall,0.61104,1.4508455111454208
2014,Saunders,0.20858,4.739744138628213
2014,Deuel,0.01926,7.271906190611476
2014,Hamilton,0.09102,3.721500004711263
2014,Nance,0.03527,1.4020339199612992
2014,Buffalo,0.48205,1.6713441602791181
2014,Jefferson,0.07299,1.1487348748598696
2014,Nemaha,0.07129,0.7428145137845173
2014,Thomas,0.00701,5.263898328139073
2014,Furnas,0.04852,5.846370560809849
2014,Platte,0.32752,3.7458698764526144
2014,Thurston,0.06961,2.1744774000433438
2014,Clay,0.06314,2.5832621341420494
2014,Lincoln,0.35652,2.1459590942549918
2014,Antelope,0.06419,1.6817034862988096
2014,Colfax,0.10666,19.2483533957551
2014,Logan,0.00767,0.4411931355637556
2014,ScottsBluff,0.36435,1.6221228855068675
2014,Dixon,0.05757,2.072758235012222
2014,Harlan,0.03468,1.0511027275402716
2014,Seward,0.17008,0.36408286147250385
2014,Burt,0.06543,0.44404687262698794
2014,Johnson,0.05221,0.3094349279065465
2014,Nuckolls,0.04347,0.21060480197572534
2014,Butler,0.08178,1.2068205715001759
2014,Gage,0.21555,1.4058641353293013
2014,Polk,0.05272,0.9274047401566649
2014,Valley,0.04217,0.40754638322857545
2014,Garden,0.01908,0.6459322308213344
2014,RedWillow,0.109,0.45935316523880465
2014,Banner,0.0067,1.157125981857328
2014,Cuming,0.09018,20.700229559023853
2014,Loup,0.00596,0.40782218147181626
2014,Blaine,0.0049,1.2795779421818942
2014,Dodge,0.36616,1.824827257480195
2014,Hayes,0.0091,1.2798679134955704
2014,Sheridan,0.05253,0.33297541590998003
2014,Douglas,5.43098,0.44431611103227797
2014,Kearney,0.06587,0.18633898484166486
2014,Otoe,0.1578,0.2904389822183287
2014,Cass,0.25404,1.2407754595646536
2014,Keith,0.0817,2.3230896159632572
2014,Pawnee,0.02725,2.2842990816876823
2014,Washington,0.19929,0.7364849365531336
2014,Garfield,0.02,1.1817680380845994
2014,Richardson,0.08108,0.3894560938725974
2014,Wayne,0.09405,0.1463945525403226
2014,Custer,0.10773,1.8351500646729566
2014,Madison,0.351,0.036836106780548904
2014,Boone,0.05356,0.24171679134487084
2014,Dakota,0.20565,0.2898691540196692
2014,Hitchcock,0.02882,0.18257041473367983
2014,Sherman,0.03034,0.050960136903818426
2014,Dundy,0.01865,0.0959284208436053
2014,Holt,0.10361,0.03864982485366818
2014,Sioux,0.01321,0.04701254371667888
2014,Cedar,0.08541,0.15972679611767043
2014,KeyaPaha,0.00795,0.340869973878649
2014,Perkins,0.02878,0.15822840829784673
2014,Chase,0.03979,0.1341666778427697
2014,Gosper,0.02004,0.11642000006928722
2014,Rock,0.01449,0.09788565947806578
2014,Webster,0.03645,0.24558756723749092
2014,Grant,0.00626,3.6130870720662402
2014,McPherson,0.0051,0.11170301832614134
2014,BoxButte,0.11299,0.3564225938692174
2014,Dawes,0.09018,0.39286697783013086
2014,Merrick,0.07784,0.41890992825631557
2014,Boyd,0.02019,0.06623598497723772
2014,Fillmore,0.05603,0.08029658437112047
2014,Hooker,0.00722,0.06709299875199728
2014,Stanton,0.06098,0.04217716418616321
2014,Franklin,0.03048,0.40500798912984365
2014,Kimball,0.03726,0.408642456080396
2014,Phelps,0.09162,0.18301683708647776
2014,Cherry,0.05741,0.12777638230228033
2014,Knox,0.08473,0.1565834154519819
2014,Saline,0.14303,0.12561125295919046
2014,Wheeler,0.00786,2.0234825975238695
2014,Greeley,0.02483,28.38794216912521
2014,Sarpy,1.71872,0.6679392037128393
2014,Dawson,0.23998,3.278197655364951
2014,Morrill,0.04919,4.180905097389437
2014,Brown,0.02974,1.9074896155871106
2014,Howard,0.06352,0.6729828567873485
2014,Thayer,0.05211,0.7879816982353556
2014,Frontier,0.02722,0.5278419900216527
2014,Pierce,0.07202,0.33972116622762166
2014,Cheyenne,0.10112,1.9082065787676625
2014,Lancaster,3.02644,3.5714846752013716
2015,Deuel,0.0191,1.936042510666359
2015,Jefferson,0.07213,0.7940431050659749
2015,Platte,0.3289,1.0307925028444518
2015,Antelope,0.06413,1.054305992250416
2015,Keith,0.08132,2.1892248624697634
2015,RedWillow,0.10886,20.48211428177034
2015,Banner,0.00713,0.8496378568242412
2015,Dixon,0.05765,4.470889012121695
2015,Richardson,0.08022,6.430812927204202
2015,Blaine,0.00477,4.062141842959263
2015,Dodge,0.3656,1.3421530004296176
2015,Johnson,0.0524,1.1504697616396289
2015,Boone,0.05311,1.091886634025676
2015,Douglas,5.49052,0.7996518363369273
2015,Kearney,0.06556,4.535078608000344
2015,Polk,0.05179,6.45817331160056
2015,Dundy,0.01773,3.7321611009837325
2015,Sarpy,1.75245,1.7988879355657137
2015,Boyd,0.02,3.5293870186275638
2015,Fillmore,0.05554,2.505654492458797
2015,KeyaPaha,0.00797,1.6432366906300175
2015,Brown,0.02982,16.548209706240012
2015,Franklin,0.02977,0.5895611171320143
2015,Kimball,0.03716,2.668191218263631
2015,Rock,0.01417,3.638188658556558
2015,Frontier,0.02632,2.404437943934244
2015,Knox,0.08468,0.6814854370246456
2015,Saline,0.14204,0.6932202946592956
2015,BoxButte,0.11327,0.5217573193782372
2015,Lancaster,3.06136,0.37757208532728187
2015,Adams,0.31569,2.3446843174653367
2015,York,0.13796,2.8431571032420524
2015,Hall,0.61149,1.8248549278081811
2015,Saunders,0.20946,0.8515223419068053
2015,Colfax,0.10734,1.4540396980759454
2015,Hamilton,0.0914,1.1165391114505017
2015,Nance,0.03573,6.384839998026797
2015,Buffalo,0.48615,81.55658139525504
2015,Harlan,0.03442,3.2580325986989047
2015,Nemaha,0.07002,11.008937860062751
2015,Thomas,0.00695,12.224839249909202
2015,Furnas,0.0483,19.693611896220844
2015,Nuckolls,0.04316,2.7736277600414896
2015,Thurston,0.07072,3.428358190211358
2015,Clay,0.06292,2.3715757782575895
2015,Lincoln,0.35512,2.161736681783187
2015,Valley,0.04168,11.640043859281313
2015,Garden,0.01916,19.36974539335743
2015,Logan,0.0079,9.399705533718702
2015,ScottsBluff,0.3623,4.89910365214441
2015,Cuming,0.09077,5.725173173504889
2015,Loup,0.00606,5.169996329635533
2015,Seward,0.16995,1.5400269522027483
2015,Burt,0.06535,18.81302805977586
2015,Hayes,0.00915,0.57350008806584
2015,Sheridan,0.05216,2.3536433322296504
2015,Butler,0.08056,3.2775331026424976
2015,Gage,0.21706,1.7662303338744267
2015,Otoe,0.1584,0.5671250988269836
2015,Cass,0.25413,0.6387606271492428
2015,Holt,0.10268,0.4835940337291188
2015,Pawnee,0.0269,0.3239413344174248
2015,Washington,0.19922,1.8277450573919551
2015,Garfield,0.02014,2.462824305963643
2015,Perkins,0.02937,1.7136589528523838
2015,Wayne,0.09373,0.730717075445144
2015,Custer,0.1083,1.0170192235632725
2015,Madison,0.35021,0.8908055755245089
2015,Webster,0.03592,0.9432566194334434
2015,Dakota,0.20566,13.26301304981843
2015,Hitchcock,0.02883,0.4411734334898421
2015,Sherman,0.03036,1.7669281481779935
2015,Dawes,0.08954,1.2644022717309271
2015,Merrick,0.07801,2.031257379457692
2015,Sioux,0.01276,0.2974999352780922
2015,Cedar,0.08515,0.37716094955140905
2015,Hooker,0.00714,0.43931826888267883
2015,Stanton,0.05942,0.250423502971167
2015,Chase,0.03961,1.7000573181670664
2015,Gosper,0.02025,2.3671903972055595
2015,Phelps,0.09214,0.7873517958108451
2015,Cherry,0.05818,0.5970611135561688
2015,Grant,0.00646,0.6340657739178451
2015,McPherson,0.00489,0.5203908482824272
2015,Wheeler,0.00779,0.7278923379710386
2015,Greeley,0.02435,10.100070382143157
2015,Dawson,0.23903,0.24364044882217342
2015,Morrill,0.04925,0.643609886452144
2015,Howard,0.06382,0.9643903968621179
2015,Thayer,0.05127,0.5053892646324641
2015,Pierce,0.07189,0.1857397015910656
2015,Cheyenne,0.10136,0.15749826256644286
2016,Saunders,0.20993,0.1321972466027254
2016,Deuel,0.01861,0.10171002131435905
2016,Buffalo,0.49215,0.7642263298907577
2016,Jefferson,0.07166,0.7723951012711453
2016,Furnas,0.04763,0.4704621519862107
2016,Platte,0.33028,0.29052100389605134
2016,Lincoln,0.35501,0.44592171130844355
2016,Antelope,0.06343,0.22223925267119987
2016,Garden,0.01907,0.05253724772091816
2016,Logan,0.00789,0.6729616194672696
2016,ScottsBluff,0.36409,0.03533717612448177
2016,Dixon,0.05738,0.14009591417057884
2016,Loup,0.00615,0.10620059572861638
2016,Seward,0.1711,0.2534111468378875
2016,Burt,0.06535,0.03167785470043809
2016,Johnson,0.05214,0.04166780281415957
2016,Sheridan,0.05231,0.03406371775559208
2016,Butler,0.07996,0.02427246621562238
2016,Gage,0.21608,0.15272978260227704
2016,Polk,0.05203,0.22483433204598743
2016,Cass,0.2563,0.10825060656755864
2016,Keith,0.08092,0.06977217085889312
2016,RedWillow,0.1077,0.05847661082698544
2016,Banner,0.0072,0.04991899552037917
2016,Garfield,0.01994,0.0822507965112997
2016,Richardson,0.07999,1.1169787650311578
2016,Blaine,0.0047,0.06259624218306006
2016,Dodge,0.36655,0.21171731165751648
2016,Madison,0.35036,0.2759632633915409
2016,Boone,0.05332,0.1985407354025371
2016,Douglas,5.55358,0.06806397863883708
2016,Kearney,0.06558,0.0657822612798105
2016,Sherman,0.03011,0.052741672590840394
2016,Dundy,0.0181,0.03288301395872778
2016,Merrick,0.07834,0.26104689458160557
2016,Sioux,0.01259,0.21481209480918875
2016,Cedar,0.08597,0.1361817185246424
2016,KeyaPaha,0.00792,0.09460392610617019
2016,Stanton,0.05971,0.167585003052383
2016,Chase,0.03913,0.10743594011744304
2016,Gosper,0.02025,1.5908605536471307
2016,Rock,0.01404,20.73560473205005
2016,Cherry,0.05825,0.24960871964807277
2016,Grant,0.00665,1.4894631262531204
2016,McPherson,0.00503,1.8716895432018046
2016,BoxButte,0.11185,0.7976586874806827
2016,Greeley,0.02401,0.2547727898021146
2016,Sarpy,1.78503,0.39935946487015955
2016,Boyd,0.01975,0.20050198522310303
2016,Fillmore,0.05623,0.16003382394272123
2016,Morrill,0.04865,0.7153113762770268
2016,Brown,0.0298,1.7980578077133775
2016,Franklin,0.02994,1.2416754253311695
2016,Kimball,0.03675,0.45607176458644394
2016,Thayer,0.05079,0.46434985015281105
2016,Frontier,0.02647,0.37092048114638754
2016,Knox,0.08484,0.10730785448891926
2016,Saline,0.14227,1.497271384921706
2016,Cheyenne,0.10044,0.044247536062576656
2016,Lancaster,3.1044,0.11800192617900469
2016,Adams,0.31663,0.19054523364483772
2016,York,0.13738,0.14277808791228194
2016,Hall,0.61477,0.03073844163580584
2016,Valley,0.042,0.02679244249463905
2016,Colfax,0.10746,0.02890117389787711
2016,Hamilton,0.09157,0.01809205770613348
2016,Nance,0.03563,0.20696636262160534
2016,Cuming,0.08956,0.21600796210402998
2016,Harlan,0.03452,0.08498253989171477
2016,Nemaha,0.06971,0.07107909836607809
2016,Thomas,0.00727,0.06159615058571098
2016,Hayes,0.0089,0.05715461722529592
2016,Nuckolls,0.04259,0.09485805572372406
2016,Thurston,0.07141,1.4729069583284087
2016,Clay,0.06137,0.07588477619165791
2016,Otoe,0.15941,0.33605206486024386
2016,Dawes,0.08907,0.29494928004243803
2016,Holt,0.1023,0.2385126889796272
2016,Pawnee,0.02698,0.08041185848671738
2016,Washington,0.20227,0.08671316135815083
2016,Hooker,0.00683,0.06856106938181782
2016,Perkins,0.02898,0.05765884718222171
2016,Wayne,0.09395,0.34894938900870087
2016,Custer,0.10827,0.2666823673138367
2016,Phelps,0.09187,0.16948556092498376
2016,Webster,0.03567,0.0965097119673004
2016,Dakota,0.20302,0.24303878962528583
2016,Hitchcock,0.02831,0.14186272572284567
2016,Wheeler,0.00804,2.2115949630610245
2016,Dawson,0.23765,26.813240171262965
2016,Howard,0.06407,0.6746346608171538
2016,Pierce,0.07142,1.7439852599789043
2017,Hall,0.61377,2.4669730995067067
2017,Saunders,0.21019,1.611797633315473
2017,Deuel,0.01868,0.4902831209254546
2017,Nance,0.03576,0.4038808129778332
2017,Buffalo,0.49502,0.3695906554099049
2017,Jefferson,0.07164,0.23813616130036813
2017,Thomas,0.0073,1.821359619075018
2017,Furnas,0.04768,1.5686718374959014
2017,Platte,0.33282,0.814707342075839
2017,Clay,0.06204,0.4477237294943204
2017,Lincoln,0.35314,0.7850448778118997
2017,Antelope,0.06348,0.3679349603905459
2017,Colfax,0.10775,0.8201012535202266
2017,Hamilton,0.0921,9.845931466940767
2017,ScottsBluff,0.36213,0.37388174736860486
2017,Dixon,0.0576,1.8438842131358721
2017,Harlan,0.03428,2.313279343777356
2017,Nemaha,0.06961,1.6109136499874395
2017,Burt,0.06537,0.501696681824762
2017,Johnson,0.05176,0.513093818173086
2017,Nuckolls,0.0426,0.3876099978636448
2017,Thurston,0.07225,0.2892884507116539
2017,Gage,0.21615,1.7838513959546654
2017,Polk,0.05344,1.9807644842095866
2017,Valley,0.0423,1.1308970462982224
2017,Garden,0.01897,0.633596810685397
2017,Logan,0.00762,1.085246342114555
2017,Banner,0.00734,0.878435926239253
2017,Cuming,0.08964,0.15698598460897123
2017,Loup,0.00605,2.556485384831199
2017,Seward,0.17202,0.13977183934725054
2017,Dodge,0.36794,0.53306129583126
2017,Hayes,0.00893,0.5421048177061928
2017,Sheridan,0.05278,0.4839673738832012
2017,Butler,0.0804,0.14440882018978707
2017,Kearney,0.06513,0.1479285841102073
2017,Otoe,0.15932,0.1217877580237531
2017,Cass,0.25904,0.08105520658042097
2017,Keith,0.08078,0.641946981726769
2017,RedWillow,0.1075,0.4876783669903938
2017,Washington,0.20351,0.30417765775776023
2017,Garfield,0.01999,0.1813251269417842
2017,Richardson,0.07981,0.4781954189294239
2017,Blaine,0.00478,0.21731818346545634
2017,Custer,0.1088,0.996468715368705
2017,Madison,0.35272,13.000009389718873
2017,Boone,0.05329,0.33766680802306087
2017,Douglas,5.60573,1.0775701092783703
2017,Hitchcock,0.02815,1.809407714780992
2017,Sherman,0.0309,0.6806031077131031
2017,Dundy,0.01793,0.19495303794937954
2017,Holt,0.10186,0.33158078972516386
2017,Pawnee,0.02633,0.16639381019224414
2017,Cedar,0.08515,0.1083244835548075
2017,KeyaPaha,0.00793,0.7884773612842706
2017,Perkins,0.02894,1.2852291587234177
2017,Wayne,0.0926,0.9328705275012963
2017,Gosper,0.02027,0.4216786812349122
2017,Rock,0.01422,0.37500001964383145
2017,Webster,0.0352,0.24612931883504285
2017,Dakota,0.20068,0.05839265462983971
2017,McPherson,0.00494,0.7627242641161233
2017,BoxButte,0.1086,0.039180678997211754
2017,Dawes,0.08885,0.1148420003243056
2017,Merrick,0.07861,0.1602194274953898
2017,Sioux,0.01201,0.11844516606728157
2017,Fillmore,0.05564,0.04150095252748064
2017,Hooker,0.00668,0.03642894831153919
2017,Stanton,0.05977,0.03636780487204142
2017,Chase,0.03944,0.019370606187586212
2017,Kimball,0.03601,0.15771883598188696
2017,Phelps,0.09042,0.1827068361620513
2017,Cherry,0.05807,0.09907904741837845
2017,Grant,0.00649,0.03348277846845358
2017,Saline,0.14357,0.0751631932152696
2017,Wheeler,0.00816,0.04268156229363377
2017,Greeley,0.02377,3.281098196277704
2017,Sarpy,1.81678,39.26151478302468
2017,Boyd,0.01962,1.1675889691009975
2017,Dawson,0.23643,4.227575766261353
2017,Morrill,0.04808,5.84041391701046
2017,Brown,0.03007,3.04019373085644
2017,Franklin,0.02988,0.9427054646519432
2017,Howard,0.06414,1.1305372434188972
2017,Thayer,0.05036,0.7974717935949083
2017,Frontier,0.02626,0.536980587713285
2017,Knox,0.08458,2.930756269204465
2017,Pierce,0.07108,4.203243965391067
2017,Cheyenne,0.09657,2.7563365608323798
2017,Lancaster,3.13977,1.048470705576388
2017,Adams,0.31774,1.721274534308643
2017,York,0.1377,1.1012118726380034
